ActRule,Test,Accessibility_Requirement,Result,Expected_Result,Time_Applicable,Time_Result
674b10,test0,wcag20:1.3.1,passed,passed,1578ms,433ms,
674b10,test0,wcag20:4.1.2,passed,passed,1578ms,428ms,
674b10,test1,wcag20:1.3.1,passed,passed,1529ms,923ms,
674b10,test1,wcag20:4.1.2,passed,passed,1529ms,587ms,
674b10,test2,wcag20:1.3.1,passed,passed,2716ms,2313ms,
674b10,test2,wcag20:4.1.2,passed,passed,2716ms,1530ms,
674b10,test3,wcag20:1.3.1,failed,failed,2579ms,418ms,
674b10,test3,wcag20:4.1.2,failed,failed,2579ms,526ms,
674b10,test4,wcag20:1.3.1,failed,failed,879ms,457ms,
674b10,test4,wcag20:4.1.2,failed,failed,879ms,526ms,
674b10,test5,wcag20:1.3.1,Inaplicable,inapplicable,624ms,
674b10,test6,wcag20:1.3.1,Inaplicable,inapplicable,518ms,
674b10,test7,wcag20:1.3.1,Inaplicable,inapplicable,1993ms,
674b10,test8,wcag20:1.3.1,Inaplicable,inapplicable,2016ms,
674b10,test9,wcag20:1.3.1,Inaplicable,inapplicable,4573ms,
6a7281,test0,wcag20:1.3.1,passed,passed,3198ms,444ms,
6a7281,test0,wcag20:4.1.2,passed,passed,3198ms,386ms,
6a7281,test1,wcag20:1.3.1,passed,passed,1050ms,368ms,
6a7281,test1,wcag20:4.1.2,passed,passed,1050ms,382ms,
6a7281,test2,wcag20:1.3.1,passed,passed,772ms,3540ms,
6a7281,test2,wcag20:4.1.2,passed,passed,772ms,1645ms,
6a7281,test3,wcag20:1.3.1,passed,passed,5394ms,2652ms,
6a7281,test3,wcag20:4.1.2,passed,passed,5394ms,2601ms,
6a7281,test4,wcag20:1.3.1,passed,passed,6149ms,1583ms,
6a7281,test4,wcag20:4.1.2,passed,passed,6149ms,2616ms,
6a7281,test5,wcag20:1.3.1,passed,passed,5633ms,2752ms,
6a7281,test5,wcag20:4.1.2,passed,passed,5633ms,2735ms,
6a7281,test6,wcag20:1.3.1,passed,passed,5319ms,2888ms,
6a7281,test6,wcag20:4.1.2,passed,passed,5319ms,3108ms,
6a7281,test7,wcag20:1.3.1,passed,passed,5461ms,2624ms,
6a7281,test7,wcag20:4.1.2,passed,passed,5461ms,2649ms,
6a7281,test8,wcag20:1.3.1,passed,passed,5324ms,2661ms,
6a7281,test8,wcag20:4.1.2,passed,passed,5324ms,2580ms,
6a7281,test9,wcag20:1.3.1,passed,passed,5754ms,2643ms,
6a7281,test9,wcag20:4.1.2,passed,passed,5754ms,2602ms,
6a7281,test10,wcag20:1.3.1,failed,failed,5834ms,2626ms,
6a7281,test10,wcag20:4.1.2,failed,failed,5834ms,2598ms,
6a7281,test11,wcag20:1.3.1,failed,failed,5485ms,3235ms,
6a7281,test11,wcag20:4.1.2,failed,failed,5485ms,1980ms,
6a7281,test12,wcag20:1.3.1,failed,failed,5254ms,2662ms,
6a7281,test12,wcag20:4.1.2,failed,failed,5254ms,2588ms,
6a7281,test13,wcag20:1.3.1,failed,failed,5399ms,2609ms,
6a7281,test13,wcag20:4.1.2,failed,failed,5399ms,2880ms,
6a7281,test14,wcag20:1.3.1,failed,failed,6083ms,1723ms,
6a7281,test14,wcag20:4.1.2,failed,failed,6083ms,2852ms,
6a7281,test15,wcag20:1.3.1,failed,failed,5422ms,2561ms,
6a7281,test15,wcag20:4.1.2,failed,failed,5422ms,2640ms,
6a7281,test16,wcag20:1.3.1,failed,failed,5348ms,2651ms,
6a7281,test16,wcag20:4.1.2,failed,failed,5348ms,2680ms,
6a7281,test17,wcag20:1.3.1,Inaplicable,inapplicable,2634ms,
6a7281,test18,wcag20:1.3.1,Inaplicable,inapplicable,2716ms,
6a7281,test19,wcag20:1.3.1,Inaplicable,inapplicable,2833ms,
6a7281,test20,wcag20:1.3.1,passed,inapplicable,5293ms,2571ms,
6a7281,test20,wcag20:4.1.2,passed,inapplicable,5293ms,2516ms,
5f99a7,test0,wcag20:1.3.1,passed,passed,5518ms,2656ms,
5f99a7,test0,wcag20:4.1.2,passed,passed,5518ms,2668ms,
5f99a7,test1,wcag20:1.3.1,passed,passed,4891ms,2614ms,
5f99a7,test1,wcag20:4.1.2,passed,passed,4891ms,2574ms,
5f99a7,test2,wcag20:1.3.1,passed,passed,5589ms,2586ms,
5f99a7,test2,wcag20:4.1.2,passed,passed,5589ms,2649ms,
5f99a7,test3,wcag20:1.3.1,passed,passed,5467ms,2830ms,
5f99a7,test3,wcag20:4.1.2,passed,passed,5467ms,2781ms,
5f99a7,test4,wcag20:1.3.1,failed,failed,5144ms,2578ms,
5f99a7,test4,wcag20:4.1.2,failed,failed,5144ms,2552ms,
5f99a7,test5,wcag20:1.3.1,failed,failed,5349ms,2594ms,
5f99a7,test5,wcag20:4.1.2,failed,failed,5349ms,2687ms,
5f99a7,test6,wcag20:1.3.1,Inaplicable,inapplicable,2640ms,
de46e4,test0,wcag20:3.1.2,passed,passed,2662ms,2586ms,
de46e4,test1,wcag20:3.1.2,passed,passed,2635ms,2571ms,
de46e4,test2,wcag20:3.1.2,passed,passed,2662ms,2598ms,
de46e4,test3,wcag20:3.1.2,failed,passed,2554ms,2672ms,
de46e4,test4,wcag20:3.1.2,passed,passed,2760ms,2645ms,
de46e4,test5,wcag20:3.1.2,passed,failed,2614ms,2760ms,
de46e4,test6,wcag20:3.1.2,passed,failed,2622ms,4032ms,
de46e4,test7,wcag20:3.1.2,passed,failed,1732ms,2680ms,
de46e4,test8,wcag20:3.1.2,passed,failed,2724ms,2598ms,
de46e4,test9,wcag20:3.1.2,passed,failed,2709ms,3132ms,
de46e4,test10,wcag20:3.1.2,failed,failed,2620ms,2836ms,
de46e4,test11,wcag20:3.1.2,failed,failed,2701ms,2889ms,
de46e4,test12,wcag20:3.1.2,passed,failed,2566ms,3040ms,
de46e4,test13,wcag20:3.1.2,passed,failed,2851ms,2580ms,
de46e4,test14,wcag20:3.1.2,passed,inapplicable,2569ms,2630ms,
de46e4,test15,wcag20:3.1.2,passed,inapplicable,2950ms,2777ms,
de46e4,test16,wcag20:3.1.2,passed,inapplicable,2592ms,2676ms,
de46e4,test17,wcag20:3.1.2,failed,inapplicable,2698ms,2546ms,
de46e4,test18,wcag20:3.1.2,failed,inapplicable,2605ms,2611ms,
m6b1q3,test0,wcag20:4.1.2,passed,passed,2619ms,2912ms,
m6b1q3,test1,wcag20:4.1.2,passed,passed,2759ms,2760ms,
m6b1q3,test2,wcag20:4.1.2,passed,passed,2764ms,2704ms,
m6b1q3,test3,wcag20:4.1.2,passed,passed,2742ms,2619ms,
m6b1q3,test4,wcag20:4.1.2,failed,failed,2607ms,2631ms,
m6b1q3,test5,wcag20:4.1.2,passed,failed,2802ms,2659ms,
m6b1q3,test6,wcag20:4.1.2,Inaplicable,inapplicable,2665ms,
m6b1q3,test7,wcag20:4.1.2,Inaplicable,inapplicable,2570ms,
akn7bn,test0,wcag20:2.1.1,passed,passed,2672ms,2578ms,
akn7bn,test1,wcag20:2.1.1,passed,passed,3019ms,2774ms,
akn7bn,test2,wcag20:2.1.1,failed,failed,2676ms,2767ms,
akn7bn,test3,wcag20:2.1.1,Inaplicable,inapplicable,2719ms,
akn7bn,test4,wcag20:2.1.1,Inaplicable,inapplicable,2805ms,
akn7bn,test5,wcag20:2.1.1,Inaplicable,inapplicable,2591ms,
akn7bn,test6,wcag20:2.1.1,Inaplicable,inapplicable,2625ms,
akn7bn,test7,wcag20:2.1.1,Inaplicable,inapplicable,2557ms,
akn7bn,test8,wcag20:2.1.1,passed,inapplicable,2769ms,2700ms,
akn7bn,test9,wcag20:2.1.1,passed,inapplicable,2676ms,2614ms,
97a4e1,test0,wcag20:4.1.2,failed,passed,2657ms,2583ms,
97a4e1,test1,wcag20:4.1.2,Inaplicable,passed,2649ms,
97a4e1,test2,wcag20:4.1.2,Inaplicable,passed,2540ms,
97a4e1,test3,wcag20:4.1.2,Inaplicable,passed,2726ms,
97a4e1,test4,wcag20:4.1.2,Inaplicable,passed,2654ms,
97a4e1,test5,wcag20:4.1.2,Inaplicable,passed,2569ms,
97a4e1,test6,wcag20:4.1.2,passed,passed,4963ms,348ms,
97a4e1,test7,wcag20:4.1.2,passed,failed,2631ms,2789ms,
97a4e1,test8,wcag20:4.1.2,passed,failed,2642ms,3992ms,
97a4e1,test9,wcag20:4.1.2,passed,failed,3215ms,1768ms,
97a4e1,test10,wcag20:4.1.2,passed,failed,2617ms,2562ms,
97a4e1,test11,wcag20:4.1.2,passed,failed,2658ms,2739ms,
97a4e1,test12,wcag20:4.1.2,failed,inapplicable,2681ms,2595ms,
97a4e1,test13,wcag20:4.1.2,failed,inapplicable,2719ms,2901ms,
97a4e1,test14,wcag20:4.1.2,failed,inapplicable,2854ms,2605ms,
97a4e1,test15,wcag20:4.1.2,Inaplicable,inapplicable,2599ms,
97a4e1,test16,wcag20:4.1.2,passed,inapplicable,2578ms,2599ms,
e086e5,test0,wcag20:4.1.2,failed,passed,3556ms,1562ms,
e086e5,test1,wcag20:4.1.2,failed,passed,2560ms,2931ms,
e086e5,test2,wcag20:4.1.2,failed,passed,2597ms,2641ms,
e086e5,test3,wcag20:4.1.2,Inaplicable,passed,3786ms,
e086e5,test4,wcag20:4.1.2,Inaplicable,passed,2401ms,
e086e5,test5,wcag20:4.1.2,Inaplicable,passed,1653ms,
e086e5,test6,wcag20:4.1.2,passed,passed,2627ms,2573ms,
e086e5,test7,wcag20:4.1.2,passed,failed,2611ms,2587ms,
e086e5,test8,wcag20:4.1.2,passed,failed,2682ms,2558ms,
e086e5,test9,wcag20:4.1.2,passed,failed,2845ms,2755ms,
e086e5,test10,wcag20:4.1.2,passed,failed,2802ms,3593ms,
e086e5,test11,wcag20:4.1.2,passed,failed,1763ms,2570ms,
e086e5,test12,wcag20:4.1.2,passed,failed,3086ms,2566ms,
e086e5,test13,wcag20:4.1.2,passed,failed,2595ms,2582ms,
e086e5,test14,wcag20:4.1.2,passed,inapplicable,2617ms,2662ms,
e086e5,test15,wcag20:4.1.2,passed,inapplicable,2657ms,2562ms,
e086e5,test16,wcag20:4.1.2,passed,inapplicable,2591ms,2541ms,
e086e5,test17,wcag20:4.1.2,passed,passed,2565ms,2623ms,
e086e5,test18,wcag20:4.1.2,passed,failed,2576ms,3158ms,
e086e5,test19,wcag20:4.1.2,passed,passed,2982ms,2576ms,
bf051a,test0,wcag20:3.1.1,passed,passed,2883ms,2587ms,
bf051a,test1,wcag20:3.1.1,passed,passed,2719ms,2611ms,
bf051a,test2,wcag20:3.1.1,passed,failed,2701ms,2547ms,
bf051a,test3,wcag20:3.1.1,passed,failed,2647ms,2664ms,
bf051a,test4,wcag20:3.1.1,passed,failed,2650ms,2668ms,
bf051a,test5,wcag20:3.1.1,passed,failed,2848ms,2579ms,
bf051a,test6,wcag20:3.1.1,passed,inapplicable,2764ms,2594ms,
2779a5,test0,wcag20:2.4.2,passed,passed,2721ms,2593ms,
2779a5,test1,wcag20:2.4.2,failed,passed,2706ms,2583ms,
2779a5,test2,wcag20:2.4.2,failed,passed,2576ms,2809ms,
2779a5,test3,wcag20:2.4.2,failed,passed,3041ms,2841ms,
2779a5,test4,wcag20:2.4.2,Inaplicable,passed,2573ms,
2779a5,test5,wcag20:2.4.2,Inaplicable,failed,2662ms,
2779a5,test6,wcag20:2.4.2,Inaplicable,failed,2856ms,
2779a5,test7,wcag20:2.4.2,Inaplicable,failed,2676ms,
2779a5,test8,wcag20:2.4.2,Inaplicable,failed,2692ms,
2779a5,test9,wcag20:2.4.2,passed,failed,3048ms,2566ms,
2779a5,test10,wcag20:2.4.2,passed,inapplicable,2606ms,2685ms,
59796f,test0,wcag20:1.1.1,passed,passed,5735ms,2701ms,
59796f,test0,wcag20:4.1.2,passed,passed,5735ms,2618ms,
59796f,test1,wcag20:1.1.1,passed,passed,5682ms,2611ms,
59796f,test1,wcag20:4.1.2,passed,passed,5682ms,2545ms,
59796f,test2,wcag20:1.1.1,passed,passed,5258ms,2664ms,
59796f,test2,wcag20:4.1.2,passed,passed,5258ms,2558ms,
59796f,test3,wcag20:1.1.1,passed,passed,5318ms,2646ms,
59796f,test3,wcag20:4.1.2,passed,passed,5318ms,2863ms,
59796f,test4,wcag20:1.1.1,passed,failed,5285ms,2586ms,
59796f,test4,wcag20:4.1.2,passed,failed,5285ms,2666ms,
59796f,test5,wcag20:1.1.1,passed,failed,5249ms,2674ms,
59796f,test5,wcag20:4.1.2,passed,failed,5249ms,2966ms,
59796f,test6,wcag20:1.1.1,failed,failed,5204ms,2575ms,
59796f,test6,wcag20:4.1.2,failed,failed,5204ms,2573ms,
59796f,test7,wcag20:1.1.1,failed,inapplicable,5334ms,2618ms,
59796f,test7,wcag20:4.1.2,failed,inapplicable,5334ms,2602ms,
59796f,test8,wcag20:1.1.1,failed,inapplicable,5223ms,2586ms,
59796f,test8,wcag20:4.1.2,failed,inapplicable,5223ms,2600ms,
59796f,test9,wcag20:1.1.1,failed,inapplicable,5340ms,2622ms,
59796f,test9,wcag20:4.1.2,failed,inapplicable,5340ms,2577ms,
59796f,test10,wcag20:1.1.1,failed,inapplicable,5801ms,2617ms,
59796f,test10,wcag20:4.1.2,failed,inapplicable,5801ms,2631ms,
59796f,test11,wcag20:1.1.1,passed,inapplicable,5348ms,2783ms,
59796f,test11,wcag20:4.1.2,passed,inapplicable,5348ms,3043ms,
23a2a8,test0,wcag20:1.1.1,Inaplicable,passed,2593ms,
23a2a8,test1,wcag20:1.1.1,Inaplicable,passed,2633ms,
23a2a8,test2,wcag20:1.1.1,Inaplicable,passed,2649ms,
23a2a8,test3,wcag20:1.1.1,Inaplicable,passed,3258ms,
23a2a8,test4,wcag20:1.1.1,passed,passed,1645ms,2588ms,
23a2a8,test5,wcag20:1.1.1,passed,passed,2644ms,2944ms,
23a2a8,test6,wcag20:1.1.1,passed,passed,2578ms,2722ms,
23a2a8,test7,wcag20:1.1.1,passed,passed,2649ms,2630ms,
23a2a8,test8,wcag20:1.1.1,passed,failed,2745ms,2647ms,
23a2a8,test9,wcag20:1.1.1,passed,failed,2609ms,2618ms,
23a2a8,test10,wcag20:1.1.1,passed,failed,2617ms,2620ms,
23a2a8,test11,wcag20:1.1.1,passed,failed,2775ms,2608ms,
23a2a8,test12,wcag20:1.1.1,passed,failed,2694ms,2815ms,
23a2a8,test13,wcag20:1.1.1,passed,inapplicable,2672ms,2663ms,
23a2a8,test14,wcag20:1.1.1,failed,inapplicable,3737ms,1656ms,
23a2a8,test15,wcag20:1.1.1,failed,inapplicable,2616ms,2585ms,
23a2a8,test16,wcag20:1.1.1,failed,inapplicable,2749ms,2538ms,
23a2a8,test17,wcag20:1.1.1,failed,inapplicable,2608ms,2618ms,
c487ae,test0,wcag20:4.1.2,failed,passed,5360ms,2618ms,
c487ae,test0,wcag20:2.4.4,failed,passed,5360ms,2578ms,
c487ae,test1,wcag20:4.1.2,failed,passed,5422ms,2789ms,
c487ae,test1,wcag20:2.4.4,failed,passed,5422ms,2672ms,
c487ae,test2,wcag20:4.1.2,failed,passed,5397ms,3128ms,
c487ae,test2,wcag20:2.4.4,failed,passed,5397ms,2593ms,
c487ae,test3,wcag20:4.1.2,failed,passed,5335ms,2616ms,
c487ae,test3,wcag20:2.4.4,failed,passed,5335ms,2671ms,
c487ae,test4,wcag20:4.1.2,failed,passed,5574ms,2741ms,
c487ae,test4,wcag20:2.4.4,failed,passed,5574ms,3040ms,
c487ae,test5,wcag20:4.1.2,failed,passed,5503ms,2584ms,
c487ae,test5,wcag20:2.4.4,failed,passed,5503ms,2644ms,
c487ae,test6,wcag20:4.1.2,Inaplicable,passed,2751ms,
c487ae,test7,wcag20:4.1.2,Inaplicable,passed,2615ms,
c487ae,test8,wcag20:4.1.2,Inaplicable,passed,2998ms,
c487ae,test9,wcag20:4.1.2,Inaplicable,passed,2796ms,
c487ae,test10,wcag20:4.1.2,Inaplicable,failed,2591ms,
c487ae,test11,wcag20:4.1.2,Inaplicable,failed,2661ms,
c487ae,test12,wcag20:4.1.2,passed,failed,5278ms,2648ms,
c487ae,test12,wcag20:2.4.4,passed,failed,5278ms,2628ms,
c487ae,test13,wcag20:4.1.2,passed,failed,5323ms,2764ms,
c487ae,test13,wcag20:2.4.4,passed,failed,5323ms,2703ms,
c487ae,test14,wcag20:4.1.2,passed,failed,5296ms,2629ms,
c487ae,test14,wcag20:2.4.4,passed,failed,5296ms,2646ms,
c487ae,test15,wcag20:4.1.2,failed,failed,5842ms,2658ms,
c487ae,test15,wcag20:2.4.4,failed,failed,5842ms,2607ms,
c487ae,test16,wcag20:4.1.2,failed,failed,5455ms,2743ms,
c487ae,test16,wcag20:2.4.4,failed,failed,5455ms,2602ms,
c487ae,test17,wcag20:4.1.2,failed,failed,5270ms,2614ms,
c487ae,test17,wcag20:2.4.4,failed,failed,5270ms,2733ms,
c487ae,test18,wcag20:4.1.2,failed,failed,5025ms,2760ms,
c487ae,test18,wcag20:2.4.4,failed,failed,5025ms,2683ms,
c487ae,test19,wcag20:4.1.2,passed,failed,5505ms,2706ms,
c487ae,test19,wcag20:2.4.4,passed,failed,5505ms,2987ms,
c487ae,test20,wcag20:4.1.2,passed,inapplicable,5349ms,2655ms,
c487ae,test20,wcag20:2.4.4,passed,inapplicable,5349ms,2623ms,
c487ae,test21,wcag20:4.1.2,passed,inapplicable,5846ms,2585ms,
c487ae,test21,wcag20:2.4.4,passed,inapplicable,5846ms,2589ms,
c487ae,test22,wcag20:4.1.2,passed,inapplicable,5499ms,2590ms,
c487ae,test22,wcag20:2.4.4,passed,inapplicable,5499ms,2572ms,
c487ae,test23,wcag20:4.1.2,failed,inapplicable,5412ms,2746ms,
c487ae,test23,wcag20:2.4.4,failed,inapplicable,5412ms,2628ms,
c487ae,test24,wcag20:4.1.2,passed,inapplicable,5409ms,5213ms,
c487ae,test24,wcag20:2.4.4,passed,inapplicable,5409ms,1081ms,
c487ae,test25,wcag20:4.1.2,passed,inapplicable,4542ms,2742ms,
c487ae,test25,wcag20:2.4.4,passed,inapplicable,4542ms,2619ms,
c487ae,test26,wcag20:4.1.2,passed,passed,5278ms,2740ms,
c487ae,test26,wcag20:2.4.4,passed,passed,5278ms,2679ms,
c487ae,test27,wcag20:4.1.2,failed,failed,5358ms,2890ms,
c487ae,test27,wcag20:2.4.4,failed,failed,5358ms,2617ms,
7d6734,test0,wcag20:1.1.1,failed,passed,2772ms,2734ms,
7d6734,test1,wcag20:1.1.1,failed,passed,2686ms,2655ms,
7d6734,test2,wcag20:1.1.1,Inaplicable,passed,2880ms,
7d6734,test3,wcag20:1.1.1,passed,failed,2739ms,3182ms,
7d6734,test4,wcag20:1.1.1,passed,failed,2638ms,2668ms,
7d6734,test5,wcag20:1.1.1,passed,failed,2649ms,2625ms,
7d6734,test6,wcag20:1.1.1,passed,failed,2759ms,2738ms,
7d6734,test7,wcag20:1.1.1,passed,inapplicable,2776ms,2674ms,
7d6734,test8,wcag20:1.1.1,passed,inapplicable,2680ms,2662ms,
7d6734,test9,wcag20:1.1.1,passed,inapplicable,2655ms,2600ms,
307n5z,test0,wcag20:4.1.2,passed,passed,2686ms,2611ms,
307n5z,test1,wcag20:4.1.2,failed,passed,2700ms,2742ms,
307n5z,test2,wcag20:4.1.2,failed,passed,3803ms,1626ms,
307n5z,test3,wcag20:4.1.2,failed,failed,2613ms,2596ms,
307n5z,test4,wcag20:4.1.2,failed,failed,2758ms,3116ms,
307n5z,test5,wcag20:4.1.2,Inaplicable,failed,2586ms,
307n5z,test6,wcag20:4.1.2,Inaplicable,inapplicable,2646ms,
a25f45,test0,wcag20:1.3.1,failed,passed,2776ms,2900ms,
a25f45,test1,wcag20:1.3.1,passed,passed,2669ms,2641ms,
a25f45,test2,wcag20:1.3.1,Inaplicable,passed,2687ms,
a25f45,test3,wcag20:1.3.1,passed,passed,2600ms,2571ms,
a25f45,test4,wcag20:1.3.1,passed,passed,3017ms,2610ms,
a25f45,test5,wcag20:1.3.1,passed,passed,3054ms,2552ms,
a25f45,test6,wcag20:1.3.1,passed,passed,2749ms,2673ms,
a25f45,test7,wcag20:1.3.1,passed,passed,3059ms,2618ms,
a25f45,test8,wcag20:1.3.1,passed,failed,2658ms,2738ms,
a25f45,test9,wcag20:1.3.1,failed,failed,2655ms,2666ms,
a25f45,test10,wcag20:1.3.1,failed,failed,2694ms,2616ms,
a25f45,test11,wcag20:1.3.1,failed,failed,2647ms,2559ms,
a25f45,test12,wcag20:1.3.1,failed,inapplicable,2632ms,2577ms,
a25f45,test13,wcag20:1.3.1,failed,inapplicable,2696ms,2595ms,
a25f45,test14,wcag20:1.3.1,failed,inapplicable,2898ms,2917ms,
a25f45,test15,wcag20:1.3.1,Inaplicable,inapplicable,2614ms,
a25f45,test16,wcag20:1.3.1,Inaplicable,inapplicable,2625ms,
a25f45,test17,wcag20:1.3.1,Inaplicable,inapplicable,2621ms,
6cfa84,test0,wcag20:4.1.2,passed,passed,2587ms,2553ms,
6cfa84,test1,wcag20:4.1.2,passed,passed,2654ms,2577ms,
6cfa84,test2,wcag20:4.1.2,passed,passed,2681ms,2693ms,
6cfa84,test3,wcag20:4.1.2,passed,passed,2837ms,2535ms,
6cfa84,test4,wcag20:4.1.2,passed,passed,2589ms,2996ms,
6cfa84,test5,wcag20:4.1.2,passed,passed,2820ms,2786ms,
6cfa84,test6,wcag20:4.1.2,passed,failed,2554ms,3837ms,
6cfa84,test7,wcag20:4.1.2,passed,failed,1673ms,2605ms,
6cfa84,test8,wcag20:4.1.2,passed,failed,2816ms,2572ms,
6cfa84,test9,wcag20:4.1.2,passed,failed,2764ms,2662ms,
6cfa84,test10,wcag20:4.1.2,passed,failed,2596ms,3156ms,
6cfa84,test11,wcag20:4.1.2,passed,failed,2688ms,2624ms,
6cfa84,test12,wcag20:4.1.2,passed,inapplicable,2723ms,2681ms,
6cfa84,test13,wcag20:4.1.2,passed,inapplicable,2865ms,3191ms,
6cfa84,test14,wcag20:4.1.2,failed,inapplicable,2577ms,2857ms,
bc659a,test0,wcag20:2.2.1,passed,passed,2598ms,2583ms,
bc659a,test1,wcag20:2.2.1,passed,passed,3305ms,1741ms,
bc659a,test2,wcag20:2.2.1,passed,passed,2601ms,2561ms,
bc659a,test3,wcag20:2.2.1,passed,failed,2666ms,2589ms,
bc659a,test4,wcag20:2.2.1,passed,failed,2805ms,2697ms,
bc659a,test5,wcag20:2.2.1,passed,failed,2628ms,3003ms,
bc659a,test6,wcag20:2.2.1,passed,failed,2645ms,4020ms,
bc659a,test7,wcag20:2.2.1,passed,inapplicable,1558ms,2828ms,
bc659a,test8,wcag20:2.2.1,passed,inapplicable,2612ms,2691ms,
bc659a,test9,wcag20:2.2.1,passed,inapplicable,2641ms,2618ms,
bc659a,test10,wcag20:2.2.1,passed,inapplicable,2722ms,2651ms,
bc659a,test11,wcag20:2.2.1,passed,inapplicable,2669ms,2630ms,
bc659a,test12,wcag20:2.2.1,passed,inapplicable,2668ms,2631ms,
bc659a,test13,wcag20:2.2.1,passed,inapplicable,2590ms,2594ms,
bc659a,test14,wcag20:2.2.1,passed,inapplicable,2749ms,2582ms,
b4f0c3,test0,wcag20:1.4.4,failed,passed,3105ms,2578ms,
b4f0c3,test1,wcag20:1.4.4,failed,passed,2656ms,2612ms,
b4f0c3,test2,wcag20:1.4.4,failed,passed,2599ms,2888ms,
b4f0c3,test3,wcag20:1.4.4,failed,failed,2600ms,2593ms,
b4f0c3,test4,wcag20:1.4.4,failed,failed,2587ms,2592ms,
b4f0c3,test5,wcag20:1.4.4,failed,failed,2563ms,2658ms,
b4f0c3,test6,wcag20:1.4.4,Inaplicable,failed,2644ms,
b4f0c3,test7,wcag20:1.4.4,Inaplicable,inapplicable,2561ms,
b4f0c3,test8,wcag20:1.4.4,Inaplicable,inapplicable,2570ms,
b4f0c3,test9,wcag20:1.4.4,Inaplicable,inapplicable,2583ms,
b4f0c3,test10,wcag20:1.4.4,Inaplicable,inapplicable,2589ms,
b4f0c3,test11,wcag20:1.4.4,Inaplicable,passed,2567ms,
b4f0c3,test12,wcag20:1.4.4,Inaplicable,passed,2931ms,
b4f0c3,test13,wcag20:1.4.4,Inaplicable,failed,2639ms,
b4f0c3,test14,wcag20:1.4.4,passed,failed,2616ms,2670ms,
b4f0c3,test15,wcag20:1.4.4,failed,failed,2579ms,2567ms,
8fc3b6,test0,wcag20:1.1.1,failed,passed,2722ms,3243ms,
8fc3b6,test1,wcag20:1.1.1,failed,passed,1573ms,3128ms,
8fc3b6,test2,wcag20:1.1.1,failed,passed,2906ms,3016ms,
8fc3b6,test3,wcag20:1.1.1,failed,passed,2547ms,3479ms,
8fc3b6,test4,wcag20:1.1.1,Inaplicable,failed,1562ms,
8fc3b6,test5,wcag20:1.1.1,Inaplicable,failed,2652ms,
8fc3b6,test6,wcag20:1.1.1,passed,failed,2982ms,2672ms,
8fc3b6,test7,wcag20:1.1.1,failed,failed,2601ms,3137ms,
8fc3b6,test8,wcag20:1.1.1,passed,failed,2553ms,2562ms,
8fc3b6,test9,wcag20:1.1.1,passed,failed,2570ms,2538ms,
8fc3b6,test10,wcag20:1.1.1,passed,inapplicable,2590ms,2608ms,
8fc3b6,test11,wcag20:1.1.1,passed,inapplicable,2567ms,2610ms,
8fc3b6,test12,wcag20:1.1.1,passed,inapplicable,2561ms,2592ms,
8fc3b6,test13,wcag20:1.1.1,passed,inapplicable,2798ms,2649ms,
8fc3b6,test14,wcag20:1.1.1,passed,inapplicable,2621ms,2632ms,
8fc3b6,test15,wcag20:1.1.1,passed,inapplicable,2745ms,2661ms,
8fc3b6,test16,wcag20:1.1.1,passed,inapplicable,2636ms,2656ms,
8fc3b6,test17,wcag20:1.1.1,passed,inapplicable,2662ms,2537ms,
b5c3f8,test0,wcag20:3.1.1,passed,passed,2573ms,2635ms,
b5c3f8,test1,wcag20:3.1.1,passed,failed,2748ms,2572ms,
b5c3f8,test2,wcag20:3.1.1,failed,failed,2650ms,2584ms,
b5c3f8,test3,wcag20:3.1.1,passed,failed,2596ms,2971ms,
b5c3f8,test4,wcag20:3.1.1,passed,failed,2646ms,2586ms,
b5c3f8,test5,wcag20:3.1.1,passed,inapplicable,3105ms,3125ms,
b5c3f8,test6,wcag20:3.1.1,passed,inapplicable,2744ms,2677ms,
c4a8a4,test0,wcag20:2.4.2,passed,passed,2609ms,2741ms,
c4a8a4,test1,wcag20:2.4.2,passed,passed,2881ms,3275ms,
c4a8a4,test2,wcag20:2.4.2,passed,passed,1613ms,2787ms,
c4a8a4,test3,wcag20:2.4.2,Inaplicable,failed,2622ms,
c4a8a4,test4,wcag20:2.4.2,passed,failed,3548ms,1973ms,
c4a8a4,test5,wcag20:2.4.2,passed,failed,2584ms,2600ms,
c4a8a4,test6,wcag20:2.4.2,passed,inapplicable,2766ms,2764ms,
qt1vmo,test0,wcag20:1.1.1,passed,passed,2555ms,2624ms,
qt1vmo,test1,wcag20:1.1.1,passed,passed,2699ms,2699ms,
qt1vmo,test2,wcag20:1.1.1,passed,passed,2536ms,2533ms,
qt1vmo,test3,wcag20:1.1.1,Inaplicable,failed,2615ms,
qt1vmo,test4,wcag20:1.1.1,Inaplicable,failed,3687ms,
qt1vmo,test5,wcag20:1.1.1,Inaplicable,failed,1609ms,
qt1vmo,test6,wcag20:1.1.1,passed,inapplicable,2726ms,2688ms,
qt1vmo,test7,wcag20:1.1.1,passed,inapplicable,2866ms,2858ms,
qt1vmo,test8,wcag20:1.1.1,failed,inapplicable,2714ms,2780ms,
qt1vmo,test9,wcag20:1.1.1,failed,inapplicable,2849ms,3520ms,
qt1vmo,test10,wcag20:1.1.1,passed,inapplicable,1922ms,2731ms,
qt1vmo,test11,wcag20:1.1.1,Inaplicable,inapplicable,2831ms,
qt1vmo,test12,wcag20:1.1.1,Inaplicable,inapplicable,2827ms,
qt1vmo,test13,wcag20:1.1.1,Inaplicable,inapplicable,2697ms,
qt1vmo,test14,wcag20:1.1.1,passed,inapplicable,2686ms,2945ms,
qt1vmo,test15,wcag20:1.1.1,Inaplicable,inapplicable,2604ms,
0ssw9k,test0,wcag20:2.1.1,passed,passed,2613ms,2560ms,
0ssw9k,test1,wcag20:2.1.1,passed,passed,2585ms,2537ms,
0ssw9k,test2,wcag20:2.1.1,passed,failed,2745ms,2672ms,
0ssw9k,test3,wcag20:2.1.1,passed,failed,3281ms,2134ms,
0ssw9k,test4,wcag20:2.1.1,failed,inapplicable,2635ms,2638ms,
0ssw9k,test5,wcag20:2.1.1,Inaplicable,inapplicable,2609ms,
0ssw9k,test6,wcag20:2.1.1,Inaplicable,inapplicable,2613ms,
0ssw9k,test7,wcag20:2.1.1,passed,inapplicable,2551ms,2757ms,
0ssw9k,test8,wcag20:2.1.1,passed,inapplicable,2580ms,2640ms,
0ssw9k,test9,wcag20:2.1.1,passed,inapplicable,2776ms,2779ms,
0ssw9k,test10,wcag20:2.1.1,passed,passed,2835ms,2676ms,
0ssw9k,test11,wcag20:2.1.1,passed,inapplicable,2589ms,2639ms,
0ssw9k,test12,wcag20:2.1.1,passed,inapplicable,2630ms,2649ms,
0ssw9k,test13,wcag20:2.1.1,passed,inapplicable,2685ms,3179ms,
oj04fd,test0,wcag20:2.4.7,passed,passed,1656ms,2735ms,
oj04fd,test1,wcag20:2.4.7,passed,passed,2766ms,2789ms,
oj04fd,test2,wcag20:2.4.7,passed,passed,2664ms,2547ms,
oj04fd,test3,wcag20:2.4.7,passed,passed,2634ms,2621ms,
oj04fd,test4,wcag20:2.4.7,failed,failed,2569ms,2782ms,
oj04fd,test5,wcag20:2.4.7,failed,inapplicable,2548ms,2611ms,
oj04fd,test6,wcag20:2.4.7,failed,inapplicable,2633ms,2704ms,
oj04fd,test7,wcag20:2.4.7,failed,passed,2574ms,3291ms,
oj04fd,test8,wcag20:2.4.7,failed,inapplicable,1662ms,2690ms,
afw4f7,test0,wcag20:1.4.3,failed,passed,2605ms,2640ms,
afw4f7,test1,wcag20:1.4.3,failed,passed,2810ms,2632ms,
afw4f7,test2,wcag20:1.4.3,failed,passed,2712ms,2833ms,
afw4f7,test3,wcag20:1.4.3,failed,passed,2645ms,2588ms,
afw4f7,test4,wcag20:1.4.3,failed,passed,2685ms,2567ms,
afw4f7,test5,wcag20:1.4.3,Inaplicable,passed,2636ms,
afw4f7,test6,wcag20:1.4.3,Inaplicable,passed,2561ms,
afw4f7,test7,wcag20:1.4.3,Inaplicable,passed,2640ms,
afw4f7,test8,wcag20:1.4.3,Inaplicable,passed,2632ms,
afw4f7,test9,wcag20:1.4.3,Inaplicable,passed,2615ms,
afw4f7,test10,wcag20:1.4.3,Inaplicable,passed,2760ms,
afw4f7,test11,wcag20:1.4.3,Inaplicable,failed,2595ms,
afw4f7,test12,wcag20:1.4.3,Inaplicable,failed,2626ms,
afw4f7,test13,wcag20:1.4.3,Inaplicable,failed,3259ms,
afw4f7,test14,wcag20:1.4.3,Inaplicable,failed,1712ms,
afw4f7,test15,wcag20:1.4.3,Inaplicable,failed,2678ms,
afw4f7,test16,wcag20:1.4.3,passed,failed,2557ms,2647ms,
afw4f7,test17,wcag20:1.4.3,passed,failed,2642ms,2774ms,
afw4f7,test18,wcag20:1.4.3,passed,failed,3377ms,3777ms,
afw4f7,test19,wcag20:1.4.3,passed,failed,1032ms,1782ms,
afw4f7,test20,wcag20:1.4.3,passed,failed,2658ms,2711ms,
afw4f7,test21,wcag20:1.4.3,passed,inapplicable,3015ms,2576ms,
afw4f7,test22,wcag20:1.4.3,passed,inapplicable,2658ms,3163ms,
afw4f7,test23,wcag20:1.4.3,passed,inapplicable,3046ms,2666ms,
afw4f7,test24,wcag20:1.4.3,passed,inapplicable,2653ms,5988ms,
afw4f7,test25,wcag20:1.4.3,passed,inapplicable,416ms,2605ms,
afw4f7,test26,wcag20:1.4.3,failed,inapplicable,2594ms,2729ms,
afw4f7,test27,wcag20:1.4.3,failed,inapplicable,2722ms,2593ms,
afw4f7,test28,wcag20:1.4.3,failed,inapplicable,2768ms,2976ms,
afw4f7,test29,wcag20:1.4.3,failed,inapplicable,2596ms,2559ms,
afw4f7,test30,wcag20:1.4.3,failed,inapplicable,2663ms,2890ms,
afw4f7,test31,wcag20:1.4.3,failed,inapplicable,3095ms,2602ms,
afw4f7,test32,wcag20:1.4.3,failed,passed,2571ms,2585ms,
09o5cg,test0,wcag20:1.4.3,failed,passed,2727ms,3044ms,
09o5cg,test1,wcag20:1.4.3,failed,passed,2629ms,2972ms,
09o5cg,test2,wcag20:1.4.3,failed,passed,2799ms,3859ms,
09o5cg,test3,wcag20:1.4.3,failed,passed,3016ms,2612ms,
09o5cg,test4,wcag20:1.4.3,failed,passed,1732ms,2566ms,
09o5cg,test5,wcag20:1.4.3,failed,passed,2637ms,3019ms,
09o5cg,test6,wcag20:1.4.3,Inaplicable,passed,2570ms,
09o5cg,test7,wcag20:1.4.3,Inaplicable,passed,2577ms,
09o5cg,test8,wcag20:1.4.3,Inaplicable,passed,3441ms,
09o5cg,test9,wcag20:1.4.3,Inaplicable,passed,1681ms,
09o5cg,test10,wcag20:1.4.3,Inaplicable,failed,2689ms,
09o5cg,test11,wcag20:1.4.3,Inaplicable,failed,2708ms,
09o5cg,test12,wcag20:1.4.3,Inaplicable,failed,2725ms,
09o5cg,test13,wcag20:1.4.3,Inaplicable,failed,2622ms,
09o5cg,test14,wcag20:1.4.3,Inaplicable,failed,2841ms,
09o5cg,test15,wcag20:1.4.3,Inaplicable,failed,2636ms,
09o5cg,test16,wcag20:1.4.3,Inaplicable,failed,2730ms,
09o5cg,test17,wcag20:1.4.3,passed,failed,2685ms,2706ms,
09o5cg,test18,wcag20:1.4.3,passed,failed,2641ms,2967ms,
09o5cg,test19,wcag20:1.4.3,passed,failed,3630ms,1991ms,
09o5cg,test20,wcag20:1.4.3,passed,failed,2674ms,2992ms,
09o5cg,test21,wcag20:1.4.3,passed,failed,3008ms,2664ms,
09o5cg,test22,wcag20:1.4.3,passed,failed,2713ms,2778ms,
09o5cg,test23,wcag20:1.4.3,passed,inapplicable,2729ms,2729ms,
09o5cg,test24,wcag20:1.4.3,passed,inapplicable,2717ms,2654ms,
09o5cg,test25,wcag20:1.4.3,failed,inapplicable,2591ms,2597ms,
09o5cg,test26,wcag20:1.4.3,failed,inapplicable,2667ms,2781ms,
09o5cg,test27,wcag20:1.4.3,failed,inapplicable,2678ms,2837ms,
09o5cg,test28,wcag20:1.4.3,failed,inapplicable,2629ms,2648ms,
09o5cg,test29,wcag20:1.4.3,failed,inapplicable,3614ms,2042ms,
09o5cg,test30,wcag20:1.4.3,Inaplicable,inapplicable,2684ms,
09o5cg,test31,wcag20:1.4.3,Inaplicable,inapplicable,2599ms,
09o5cg,test32,wcag20:1.4.3,passed,inapplicable,2672ms,2606ms,
09o5cg,test33,wcag20:1.4.3,passed,inapplicable,2630ms,2704ms,
09o5cg,test34,wcag20:1.4.3,passed,passed,2608ms,2532ms,
0va7u6,test0,wcag20:1.4.5,passed,passed,2785ms,2653ms,
0va7u6,test1,wcag20:1.4.5,passed,passed,2674ms,2819ms,
0va7u6,test2,wcag20:1.4.5,passed,passed,2585ms,2750ms,
0va7u6,test3,wcag20:1.4.5,passed,passed,2629ms,2622ms,
0va7u6,test4,wcag20:1.4.5,passed,passed,2638ms,3236ms,
0va7u6,test5,wcag20:1.4.5,passed,passed,1567ms,2667ms,
0va7u6,test6,wcag20:1.4.5,passed,passed,2553ms,3192ms,
0va7u6,test7,wcag20:1.4.5,passed,passed,3055ms,2559ms,
0va7u6,test8,wcag20:1.4.5,passed,failed,2667ms,2608ms,
0va7u6,test9,wcag20:1.4.5,passed,failed,2580ms,2591ms,
0va7u6,test10,wcag20:1.4.5,passed,failed,2605ms,2562ms,
0va7u6,test11,wcag20:1.4.5,passed,failed,2951ms,2895ms,
0va7u6,test12,wcag20:1.4.5,passed,failed,2722ms,2696ms,
0va7u6,test13,wcag20:1.4.5,passed,inapplicable,2720ms,3084ms,
0va7u6,test14,wcag20:1.4.5,passed,inapplicable,2588ms,2575ms,
bisz58,test0,wcag20:2.2.1,passed,passed,2959ms,2737ms,
bisz58,test1,wcag20:2.2.1,failed,passed,2601ms,3138ms,
bisz58,test2,wcag20:2.2.1,failed,failed,2709ms,2610ms,
bisz58,test3,wcag20:2.2.1,failed,failed,2606ms,2854ms,
bisz58,test4,wcag20:2.2.1,failed,failed,3019ms,2624ms,
bisz58,test5,wcag20:2.2.1,Inaplicable,inapplicable,2666ms,
bisz58,test6,wcag20:2.2.1,Inaplicable,inapplicable,2585ms,
bisz58,test7,wcag20:2.2.1,Inaplicable,inapplicable,2596ms,
bisz58,test8,wcag20:2.2.1,Inaplicable,inapplicable,2606ms,
bisz58,test9,wcag20:2.2.1,Inaplicable,inapplicable,2656ms,
bisz58,test10,wcag20:2.2.1,passed,inapplicable,2626ms,2705ms,
bisz58,test11,wcag20:2.2.1,passed,inapplicable,2757ms,2687ms,
bisz58,test12,wcag20:2.2.1,passed,inapplicable,2981ms,2698ms,
ff89c9,test0,wcag20:1.3.1,failed,passed,2582ms,2771ms,
ff89c9,test1,wcag20:1.3.1,failed,passed,2748ms,2743ms,
ff89c9,test2,wcag20:1.3.1,failed,passed,2811ms,3141ms,
ff89c9,test3,wcag20:1.3.1,Inaplicable,passed,2621ms,
ff89c9,test4,wcag20:1.3.1,Inaplicable,passed,2616ms,
ff89c9,test5,wcag20:1.3.1,Inaplicable,passed,2590ms,
ff89c9,test6,wcag20:1.3.1,passed,failed,2596ms,2784ms,
ff89c9,test7,wcag20:1.3.1,passed,failed,2689ms,2741ms,
ff89c9,test8,wcag20:1.3.1,passed,failed,3520ms,1830ms,
ff89c9,test9,wcag20:1.3.1,passed,failed,2731ms,3006ms,
ff89c9,test10,wcag20:1.3.1,passed,inapplicable,2853ms,3661ms,
ff89c9,test11,wcag20:1.3.1,passed,inapplicable,1758ms,2965ms,
ff89c9,test12,wcag20:1.3.1,failed,inapplicable,2679ms,2911ms,
ff89c9,test13,wcag20:1.3.1,failed,inapplicable,3408ms,2113ms,
ff89c9,test14,wcag20:1.3.1,failed,inapplicable,2742ms,2769ms,
in6db8,test0,wcag20:1.3.1,failed,passed,5693ms,4009ms,
in6db8,test0,wcag20:4.1.2,failed,passed,5693ms,1953ms,
in6db8,test1,wcag20:1.3.1,failed,passed,6035ms,2699ms,
in6db8,test1,wcag20:4.1.2,failed,passed,6035ms,2942ms,
in6db8,test2,wcag20:1.3.1,failed,passed,5413ms,2664ms,
in6db8,test2,wcag20:4.1.2,failed,passed,5413ms,2811ms,
in6db8,test3,wcag20:1.3.1,failed,failed,5343ms,2617ms,
in6db8,test3,wcag20:4.1.2,failed,failed,5343ms,2637ms,
in6db8,test4,wcag20:1.3.1,Inaplicable,failed,2683ms,
in6db8,test5,wcag20:1.3.1,Inaplicable,failed,2723ms,
in6db8,test6,wcag20:1.3.1,Inaplicable,inapplicable,2886ms,
in6db8,test7,wcag20:1.3.1,Inaplicable,inapplicable,2733ms,
in6db8,test8,wcag20:1.3.1,passed,inapplicable,5164ms,2794ms,
in6db8,test8,wcag20:4.1.2,passed,inapplicable,5164ms,2713ms,
bc4a75,test0,wcag20:1.3.1,passed,passed,2628ms,2627ms,
bc4a75,test1,wcag20:1.3.1,passed,passed,2713ms,2571ms,
bc4a75,test2,wcag20:1.3.1,passed,passed,2610ms,2691ms,
bc4a75,test3,wcag20:1.3.1,passed,passed,2557ms,2902ms,
bc4a75,test4,wcag20:1.3.1,passed,passed,2618ms,2630ms,
bc4a75,test5,wcag20:1.3.1,passed,passed,2567ms,2572ms,
bc4a75,test6,wcag20:1.3.1,passed,failed,2672ms,2825ms,
bc4a75,test7,wcag20:1.3.1,passed,failed,2708ms,2592ms,
bc4a75,test8,wcag20:1.3.1,passed,failed,2672ms,2631ms,
bc4a75,test9,wcag20:1.3.1,passed,failed,2888ms,2671ms,
bc4a75,test10,wcag20:1.3.1,failed,failed,2615ms,2653ms,
bc4a75,test11,wcag20:1.3.1,failed,failed,2970ms,2949ms,
bc4a75,test12,wcag20:1.3.1,failed,failed,2831ms,2798ms,
bc4a75,test13,wcag20:1.3.1,Inaplicable,inapplicable,2753ms,
bc4a75,test14,wcag20:1.3.1,Inaplicable,inapplicable,2726ms,
bc4a75,test15,wcag20:1.3.1,passed,inapplicable,2818ms,3002ms,
bc4a75,test16,wcag20:1.3.1,passed,inapplicable,2720ms,4076ms,
5c01ea,test0,wcag20:1.3.1,passed,passed,3681ms,2973ms,
5c01ea,test0,wcag20:4.1.2,passed,passed,3681ms,3654ms,
5c01ea,test1,wcag20:1.3.1,passed,passed,4799ms,2865ms,
5c01ea,test1,wcag20:4.1.2,passed,passed,4799ms,2862ms,
5c01ea,test2,wcag20:1.3.1,passed,passed,5883ms,3562ms,
5c01ea,test2,wcag20:4.1.2,passed,passed,5883ms,2101ms,
5c01ea,test3,wcag20:1.3.1,passed,passed,5883ms,3024ms,
5c01ea,test3,wcag20:4.1.2,passed,passed,5883ms,2966ms,
5c01ea,test4,wcag20:1.3.1,passed,passed,6147ms,3033ms,
5c01ea,test4,wcag20:4.1.2,passed,passed,6147ms,3233ms,
5c01ea,test5,wcag20:1.3.1,passed,passed,5790ms,3176ms,
5c01ea,test5,wcag20:4.1.2,passed,passed,5790ms,3494ms,
5c01ea,test6,wcag20:1.3.1,passed,passed,4575ms,2754ms,
5c01ea,test6,wcag20:4.1.2,passed,passed,4575ms,2396ms,
5c01ea,test7,wcag20:1.3.1,passed,passed,6317ms,2381ms,
5c01ea,test7,wcag20:4.1.2,passed,passed,6317ms,4709ms,
5c01ea,test8,wcag20:1.3.1,failed,passed,3269ms,3146ms,
5c01ea,test8,wcag20:4.1.2,failed,passed,3269ms,3293ms,
5c01ea,test9,wcag20:1.3.1,failed,passed,6150ms,2126ms,
5c01ea,test9,wcag20:4.1.2,failed,passed,6150ms,3042ms,
5c01ea,test10,wcag20:1.3.1,Inaplicable,passed,3401ms,
5c01ea,test11,wcag20:1.3.1,Inaplicable,failed,5827ms,
5c01ea,test12,wcag20:1.3.1,Inaplicable,failed,2046ms,
5c01ea,test13,wcag20:1.3.1,passed,failed,2989ms,1956ms,
5c01ea,test13,wcag20:4.1.2,passed,failed,2989ms,2992ms,
5c01ea,test14,wcag20:1.3.1,passed,inapplicable,6175ms,5148ms,
5c01ea,test14,wcag20:4.1.2,passed,inapplicable,6175ms,1134ms,
5c01ea,test15,wcag20:1.3.1,passed,inapplicable,6638ms,6248ms,
5c01ea,test15,wcag20:4.1.2,passed,inapplicable,6638ms,1951ms,
80f0bf,test0,wcag20:1.4.2,passed,passed,568ms,479ms,
80f0bf,test1,wcag20:1.4.2,passed,passed,668ms,3082ms,
80f0bf,test2,wcag20:1.4.2,passed,passed,2947ms,2859ms,
80f0bf,test3,wcag20:1.4.2,passed,failed,3058ms,3997ms,
80f0bf,test4,wcag20:1.4.2,passed,failed,2327ms,2974ms,
80f0bf,test5,wcag20:1.4.2,passed,inapplicable,3044ms,3150ms,
80f0bf,test6,wcag20:1.4.2,passed,inapplicable,3028ms,3677ms,
80f0bf,test7,wcag20:1.4.2,passed,inapplicable,1868ms,2770ms,
e7aa44,test0,wcag20:1.2.1,passed,passed,2870ms,2899ms,
e7aa44,test1,wcag20:1.2.1,passed,passed,3050ms,4571ms,
e7aa44,test2,wcag20:1.2.1,passed,passed,1178ms,3010ms,
e7aa44,test3,wcag20:1.2.1,failed,failed,2009ms,2904ms,
e7aa44,test4,wcag20:1.2.1,failed,failed,2831ms,3480ms,
e7aa44,test5,wcag20:1.2.1,Inaplicable,inapplicable,2239ms,
e7aa44,test6,wcag20:1.2.1,Inaplicable,inapplicable,3133ms,
e7aa44,test7,wcag20:1.2.1,Inaplicable,inapplicable,3082ms,
efbfc7,test0,wcag20:2.2.2,passed,passed,3122ms,4277ms,
efbfc7,test1,wcag20:2.2.2,passed,passed,2331ms,3604ms,
efbfc7,test2,wcag20:2.2.2,passed,passed,1847ms,2706ms,
efbfc7,test3,wcag20:2.2.2,passed,passed,3255ms,2919ms,
efbfc7,test4,wcag20:2.2.2,passed,passed,2927ms,2828ms,
efbfc7,test5,wcag20:2.2.2,Inaplicable,failed,3802ms,
efbfc7,test6,wcag20:2.2.2,passed,inapplicable,2052ms,3291ms,
efbfc7,test7,wcag20:2.2.2,passed,inapplicable,3215ms,2909ms,
efbfc7,test8,wcag20:2.2.2,passed,inapplicable,3041ms,2944ms,
efbfc7,test9,wcag20:2.2.2,passed,inapplicable,2734ms,3907ms,
efbfc7,test10,wcag20:2.2.2,passed,inapplicable,1985ms,2998ms,
cf77f2,test0,wcag20:2.4.1,passed,passed,2888ms,2964ms,
cf77f2,test1,wcag20:2.4.1,passed,passed,3640ms,2005ms,
cf77f2,test2,wcag20:2.4.1,passed,passed,3147ms,2887ms,
cf77f2,test3,wcag20:2.4.1,passed,passed,2903ms,3016ms,
cf77f2,test4,wcag20:2.4.1,passed,passed,3338ms,2775ms,
cf77f2,test5,wcag20:2.4.1,passed,passed,3051ms,2808ms,
cf77f2,test6,wcag20:2.4.1,passed,passed,2831ms,3533ms,
cf77f2,test7,wcag20:2.4.1,passed,passed,1913ms,3031ms,
cf77f2,test8,wcag20:2.4.1,passed,passed,2972ms,3111ms,
cf77f2,test9,wcag20:2.4.1,passed,passed,2964ms,2725ms,
cf77f2,test10,wcag20:2.4.1,passed,passed,2869ms,3075ms,
cf77f2,test11,wcag20:2.4.1,passed,passed,3351ms,2871ms,
cf77f2,test12,wcag20:2.4.1,passed,failed,3450ms,2540ms,
cf77f2,test13,wcag20:2.4.1,failed,inapplicable,2133ms,3393ms,
off6ek,test0,wcag20:3.1.2,passed,passed,1860ms,2998ms,
off6ek,test1,wcag20:3.1.2,passed,passed,4457ms,559ms,
off6ek,test2,wcag20:3.1.2,passed,passed,3801ms,2255ms,
off6ek,test3,wcag20:3.1.2,passed,passed,2230ms,3107ms,
off6ek,test4,wcag20:3.1.2,failed,passed,2858ms,2760ms,
off6ek,test5,wcag20:3.1.2,failed,failed,2698ms,3124ms,
off6ek,test6,wcag20:3.1.2,failed,failed,2867ms,2857ms,
off6ek,test7,wcag20:3.1.2,failed,failed,3105ms,2969ms,
off6ek,test8,wcag20:3.1.2,failed,failed,2917ms,3067ms,
off6ek,test9,wcag20:3.1.2,failed,inapplicable,3139ms,2963ms,
off6ek,test10,wcag20:3.1.2,Inaplicable,inapplicable,2836ms,
off6ek,test11,wcag20:3.1.2,Inaplicable,inapplicable,2957ms,
off6ek,test12,wcag20:3.1.2,Inaplicable,inapplicable,2745ms,
off6ek,test13,wcag20:3.1.2,Inaplicable,inapplicable,3059ms,
80af7b,test0,wcag20:2.1.2,passed,passed,3003ms,3229ms,
80af7b,test1,wcag20:2.1.2,passed,passed,2032ms,3083ms,
80af7b,test2,wcag20:2.1.2,passed,passed,2940ms,2866ms,
80af7b,test3,wcag20:2.1.2,failed,passed,3314ms,2067ms,
80af7b,test4,wcag20:2.1.2,failed,passed,2987ms,3311ms,
80af7b,test5,wcag20:2.1.2,failed,passed,2159ms,3357ms,
80af7b,test6,wcag20:2.1.2,Inaplicable,failed,2950ms,
80af7b,test7,wcag20:2.1.2,passed,failed,3380ms,1930ms,
80af7b,test8,wcag20:2.1.2,passed,failed,3086ms,2755ms,
80af7b,test9,wcag20:2.1.2,passed,failed,3042ms,5836ms,
80af7b,test10,wcag20:2.1.2,failed,failed,4618ms,2685ms,
80af7b,test11,wcag20:2.1.2,failed,failed,2960ms,714ms,
80af7b,test12,wcag20:2.1.2,failed,inapplicable,679ms,2930ms,
80af7b,test13,wcag20:2.1.2,Inaplicable,inapplicable,2844ms,
80af7b,test14,wcag20:2.1.2,Inaplicable,inapplicable,2751ms,
80af7b,test15,wcag20:2.1.2,Inaplicable,inapplicable,2816ms,
cc0f0a,test0,wcag20:2.4.6,passed,passed,2873ms,2792ms,
cc0f0a,test1,wcag20:2.4.6,passed,passed,3097ms,2852ms,
cc0f0a,test2,wcag20:2.4.6,passed,passed,2774ms,2770ms,
cc0f0a,test3,wcag20:2.4.6,passed,passed,2936ms,2770ms,
cc0f0a,test4,wcag20:2.4.6,passed,passed,2796ms,2813ms,
cc0f0a,test5,wcag20:2.4.6,passed,passed,3101ms,2730ms,
cc0f0a,test6,wcag20:2.4.6,passed,failed,2872ms,3403ms,
cc0f0a,test7,wcag20:2.4.6,passed,failed,1699ms,2886ms,
cc0f0a,test8,wcag20:2.4.6,passed,failed,3177ms,2764ms,
cc0f0a,test9,wcag20:2.4.6,passed,failed,2774ms,3211ms,
cc0f0a,test10,wcag20:2.4.6,passed,failed,2955ms,2735ms,
cc0f0a,test11,wcag20:2.4.6,passed,inapplicable,2898ms,2864ms,
cc0f0a,test12,wcag20:2.4.6,passed,inapplicable,2874ms,2967ms,
cc0f0a,test13,wcag20:2.4.6,passed,inapplicable,2804ms,3119ms,
b49b2e,test0,wcag20:2.4.6,passed,passed,1828ms,3056ms,
b49b2e,test1,wcag20:2.4.6,passed,passed,3045ms,2744ms,
b49b2e,test2,wcag20:2.4.6,passed,passed,3218ms,3682ms,
b49b2e,test3,wcag20:2.4.6,passed,passed,3016ms,4918ms,
b49b2e,test4,wcag20:2.4.6,failed,passed,1111ms,1848ms,
b49b2e,test5,wcag20:2.4.6,failed,passed,2930ms,2979ms,
b49b2e,test6,wcag20:2.4.6,failed,failed,2991ms,3000ms,
b49b2e,test7,wcag20:2.4.6,failed,failed,2899ms,2802ms,
b49b2e,test8,wcag20:2.4.6,failed,failed,2740ms,2790ms,
b49b2e,test9,wcag20:2.4.6,failed,failed,2862ms,2923ms,
b49b2e,test10,wcag20:2.4.6,failed,inapplicable,3030ms,2760ms,
b49b2e,test11,wcag20:2.4.6,failed,inapplicable,2889ms,2787ms,
b49b2e,test12,wcag20:2.4.6,Inaplicable,inapplicable,3571ms,
b49b2e,test13,wcag20:2.4.6,Inaplicable,inapplicable,1853ms,
ucwvc8,test0,wcag20:3.1.1,passed,passed,3012ms,2888ms,
ucwvc8,test1,wcag20:3.1.1,passed,passed,5031ms,1595ms,
ucwvc8,test2,wcag20:3.1.1,passed,passed,2069ms,3077ms,
ucwvc8,test3,wcag20:3.1.1,passed,passed,2877ms,2774ms,
ucwvc8,test4,wcag20:3.1.1,passed,failed,2868ms,2921ms,
ucwvc8,test5,wcag20:3.1.1,passed,failed,3063ms,3179ms,
ucwvc8,test6,wcag20:3.1.1,passed,failed,2999ms,3231ms,
ucwvc8,test7,wcag20:3.1.1,passed,failed,2648ms,2819ms,
ucwvc8,test8,wcag20:3.1.1,passed,failed,2872ms,3323ms,
ucwvc8,test9,wcag20:3.1.1,passed,inapplicable,3182ms,4264ms,
ucwvc8,test10,wcag20:3.1.1,passed,inapplicable,3915ms,1860ms,
ucwvc8,test11,wcag20:3.1.1,passed,inapplicable,1987ms,2983ms,
ucwvc8,test12,wcag20:3.1.1,passed,inapplicable,3221ms,3061ms,
ucwvc8,test13,wcag20:3.1.1,failed,inapplicable,3105ms,3053ms,
ucwvc8,test14,wcag20:3.1.1,passed,inapplicable,2878ms,3597ms,
4b1c6c,test0,wcag20:4.1.2,passed,passed,1910ms,2810ms,
4b1c6c,test1,wcag20:4.1.2,passed,passed,2890ms,2761ms,
4b1c6c,test2,wcag20:4.1.2,passed,passed,3067ms,2725ms,
4b1c6c,test3,wcag20:4.1.2,passed,passed,2752ms,3425ms,
4b1c6c,test4,wcag20:4.1.2,passed,passed,1916ms,2899ms,
4b1c6c,test5,wcag20:4.1.2,passed,passed,2990ms,3305ms,
4b1c6c,test6,wcag20:4.1.2,passed,passed,3605ms,2365ms,
4b1c6c,test7,wcag20:4.1.2,passed,passed,3540ms,867ms,
4b1c6c,test8,wcag20:4.1.2,passed,passed,2920ms,2807ms,
4b1c6c,test9,wcag20:4.1.2,passed,passed,2791ms,2832ms,
4b1c6c,test10,wcag20:4.1.2,passed,failed,2768ms,2786ms,
4b1c6c,test11,wcag20:4.1.2,failed,failed,3074ms,3482ms,
4b1c6c,test12,wcag20:4.1.2,failed,failed,1973ms,3002ms,
4b1c6c,test13,wcag20:4.1.2,failed,failed,2855ms,4177ms,
4b1c6c,test14,wcag20:4.1.2,failed,inapplicable,2127ms,3054ms,
4b1c6c,test15,wcag20:4.1.2,Inaplicable,inapplicable,3004ms,
4b1c6c,test16,wcag20:4.1.2,Inaplicable,inapplicable,3169ms,
4b1c6c,test17,wcag20:4.1.2,Inaplicable,inapplicable,3156ms,
4b1c6c,test18,wcag20:4.1.2,Inaplicable,inapplicable,2870ms,
4b1c6c,test19,wcag20:4.1.2,passed,inapplicable,3131ms,2897ms,
4b1c6c,test20,wcag20:4.1.2,passed,inapplicable,2920ms,2885ms,
4b1c6c,test21,wcag20:4.1.2,passed,inapplicable,2760ms,2732ms,
4b1c6c,test22,wcag20:4.1.2,passed,inapplicable,2747ms,3775ms,
cae760,test0,wcag20:4.1.2,passed,passed,2008ms,3046ms,
cae760,test1,wcag20:4.1.2,passed,passed,3236ms,3221ms,
cae760,test2,wcag20:4.1.2,failed,passed,2872ms,2936ms,
cae760,test3,wcag20:4.1.2,failed,failed,2959ms,2793ms,
cae760,test4,wcag20:4.1.2,failed,failed,2884ms,2725ms,
cae760,test5,wcag20:4.1.2,failed,failed,3448ms,2366ms,
cae760,test6,wcag20:4.1.2,failed,failed,1804ms,2894ms,
cae760,test7,wcag20:4.1.2,Inaplicable,inapplicable,2838ms,
cae760,test8,wcag20:4.1.2,Inaplicable,inapplicable,2829ms,
cae760,test9,wcag20:4.1.2,Inaplicable,inapplicable,2885ms,
cae760,test10,wcag20:4.1.2,Inaplicable,inapplicable,2818ms,
e88epe,test0,wcag20:1.1.1,passed,passed,3438ms,2401ms,
e88epe,test1,wcag20:1.1.1,Inaplicable,passed,2001ms,
e88epe,test2,wcag20:1.1.1,Inaplicable,passed,3124ms,
e88epe,test3,wcag20:1.1.1,Inaplicable,passed,2946ms,
e88epe,test4,wcag20:1.1.1,Inaplicable,passed,3025ms,
e88epe,test5,wcag20:1.1.1,Inaplicable,failed,3095ms,
e88epe,test6,wcag20:1.1.1,passed,failed,3295ms,3255ms,
e88epe,test7,wcag20:1.1.1,passed,failed,3364ms,4368ms,
e88epe,test8,wcag20:1.1.1,passed,failed,1929ms,2799ms,
e88epe,test9,wcag20:1.1.1,failed,failed,3291ms,1983ms,
e88epe,test10,wcag20:1.1.1,failed,inapplicable,2931ms,3749ms,
e88epe,test11,wcag20:1.1.1,failed,inapplicable,1808ms,2997ms,
e88epe,test12,wcag20:1.1.1,failed,inapplicable,2755ms,2669ms,
e88epe,test13,wcag20:1.1.1,failed,inapplicable,3956ms,1820ms,
e88epe,test14,wcag20:1.1.1,Inaplicable,inapplicable,2809ms,
e88epe,test15,wcag20:1.1.1,passed,inapplicable,3129ms,3088ms,
e88epe,test16,wcag20:1.1.1,passed,inapplicable,2822ms,2771ms,
e88epe,test17,wcag20:1.1.1,passed,inapplicable,2886ms,2916ms,
e88epe,test18,wcag20:1.1.1,passed,inapplicable,2905ms,3169ms,
e88epe,test19,wcag20:1.1.1,failed,inapplicable,2762ms,2714ms,
36b590,test0,wcag20:3.3.1,failed,passed,3491ms,1914ms,
36b590,test1,wcag20:3.3.1,failed,passed,2786ms,2985ms,
36b590,test2,wcag20:3.3.1,failed,passed,2924ms,2714ms,
36b590,test3,wcag20:3.3.1,failed,failed,2786ms,3048ms,
36b590,test4,wcag20:3.3.1,Inaplicable,failed,2804ms,
36b590,test5,wcag20:3.3.1,Inaplicable,failed,2963ms,
36b590,test6,wcag20:3.3.1,Inaplicable,failed,3097ms,
36b590,test7,wcag20:3.3.1,passed,failed,2849ms,2911ms,
36b590,test8,wcag20:3.3.1,passed,inapplicable,2748ms,2764ms,
5effbb,test0,wcag20:2.4.4,failed,passed,2997ms,2822ms,
5effbb,test1,wcag20:2.4.4,Inaplicable,passed,2885ms,
5effbb,test2,wcag20:2.4.4,Inaplicable,passed,2763ms,
5effbb,test3,wcag20:2.4.4,Inaplicable,passed,3098ms,
5effbb,test4,wcag20:2.4.4,passed,passed,2993ms,2699ms,
5effbb,test5,wcag20:2.4.4,passed,passed,2729ms,2870ms,
5effbb,test6,wcag20:2.4.4,passed,passed,2681ms,3105ms,
5effbb,test7,wcag20:2.4.4,passed,passed,2927ms,3161ms,
5effbb,test8,wcag20:2.4.4,passed,passed,3022ms,3066ms,
5effbb,test9,wcag20:2.4.4,passed,failed,2933ms,2858ms,
5effbb,test10,wcag20:2.4.4,passed,failed,3042ms,4011ms,
5effbb,test11,wcag20:2.4.4,passed,failed,2299ms,2972ms,
5effbb,test12,wcag20:2.4.4,passed,failed,3045ms,3078ms,
5effbb,test13,wcag20:2.4.4,passed,failed,4255ms,2538ms,
5effbb,test14,wcag20:2.4.4,passed,failed,3654ms,2148ms,
5effbb,test15,wcag20:2.4.4,passed,inapplicable,3724ms,2230ms,
5effbb,test16,wcag20:2.4.4,passed,inapplicable,1706ms,3038ms,
5effbb,test17,wcag20:2.4.4,passed,inapplicable,2891ms,3093ms,
fd3a94,test0,wcag20:2.4.4,passed,passed,3019ms,3412ms,
fd3a94,test1,wcag20:2.4.4,passed,passed,4071ms,3151ms,
fd3a94,test2,wcag20:2.4.4,passed,passed,2215ms,3236ms,
fd3a94,test3,wcag20:2.4.4,passed,passed,2731ms,2865ms,
fd3a94,test4,wcag20:2.4.4,passed,passed,2861ms,2817ms,
fd3a94,test5,wcag20:2.4.4,passed,passed,2887ms,2950ms,
fd3a94,test6,wcag20:2.4.4,passed,passed,2816ms,2828ms,
fd3a94,test7,wcag20:2.4.4,passed,passed,3212ms,2904ms,
fd3a94,test8,wcag20:2.4.4,Inaplicable,passed,2760ms,
fd3a94,test9,wcag20:2.4.4,passed,failed,2816ms,2794ms,
fd3a94,test10,wcag20:2.4.4,passed,failed,3021ms,2914ms,
fd3a94,test11,wcag20:2.4.4,passed,failed,3299ms,1769ms,
fd3a94,test12,wcag20:2.4.4,passed,failed,2809ms,3550ms,
fd3a94,test13,wcag20:2.4.4,passed,failed,1930ms,2798ms,
fd3a94,test14,wcag20:2.4.4,passed,failed,3275ms,2768ms,
fd3a94,test15,wcag20:2.4.4,passed,failed,2909ms,2872ms,
fd3a94,test16,wcag20:2.4.4,passed,failed,2774ms,2830ms,
fd3a94,test17,wcag20:2.4.4,passed,inapplicable,3325ms,1832ms,
fd3a94,test18,wcag20:2.4.4,passed,inapplicable,2856ms,2979ms,
fd3a94,test19,wcag20:2.4.4,passed,inapplicable,3033ms,2841ms,
fd3a94,test20,wcag20:2.4.4,passed,inapplicable,2892ms,3717ms,
fd3a94,test21,wcag20:2.4.4,passed,inapplicable,1963ms,2939ms,
fd3a94,test22,wcag20:2.4.4,passed,inapplicable,2733ms,2702ms,
fd3a94,test23,wcag20:2.4.4,passed,inapplicable,2770ms,2783ms,
9bd38c,test0,wcag20:1.3.3,passed,passed,3901ms,5003ms,
9bd38c,test1,wcag20:1.3.3,passed,passed,1155ms,1866ms,
9bd38c,test2,wcag20:1.3.3,passed,passed,2843ms,2759ms,
9bd38c,test3,wcag20:1.3.3,passed,passed,3011ms,3407ms,
9bd38c,test4,wcag20:1.3.3,passed,passed,1903ms,3370ms,
9bd38c,test5,wcag20:1.3.3,passed,passed,2914ms,2922ms,
9bd38c,test6,wcag20:1.3.3,failed,passed,3055ms,2881ms,
9bd38c,test7,wcag20:1.3.3,failed,passed,2886ms,3238ms,
9bd38c,test8,wcag20:1.3.3,passed,passed,3756ms,579ms,
9bd38c,test9,wcag20:1.3.3,passed,passed,2977ms,2821ms,
9bd38c,test10,wcag20:1.3.3,passed,passed,2769ms,3031ms,
9bd38c,test11,wcag20:1.3.3,passed,passed,2699ms,2692ms,
9bd38c,test12,wcag20:1.3.3,passed,passed,3043ms,3637ms,
9bd38c,test13,wcag20:1.3.3,passed,passed,1955ms,3275ms,
9bd38c,test14,wcag20:1.3.3,passed,passed,2174ms,3072ms,
9bd38c,test15,wcag20:1.3.3,passed,failed,3045ms,2951ms,
9bd38c,test16,wcag20:1.3.3,passed,failed,3097ms,2716ms,
9bd38c,test17,wcag20:1.3.3,passed,failed,3139ms,2717ms,
9bd38c,test18,wcag20:1.3.3,failed,failed,2882ms,2911ms,
9bd38c,test19,wcag20:1.3.3,failed,inapplicable,3019ms,3670ms,
9bd38c,test20,wcag20:1.3.3,Inaplicable,inapplicable,1633ms,
4e8ab6,test0,wcag20:1.3.1,failed,passed,5216ms,2565ms,
4e8ab6,test0,wcag20:4.1.2,failed,passed,5216ms,2559ms,
4e8ab6,test1,wcag20:1.3.1,failed,passed,5609ms,2719ms,
4e8ab6,test1,wcag20:4.1.2,failed,passed,5609ms,2732ms,
4e8ab6,test2,wcag20:1.3.1,failed,passed,5536ms,2669ms,
4e8ab6,test2,wcag20:4.1.2,failed,passed,5536ms,2693ms,
4e8ab6,test3,wcag20:1.3.1,Inaplicable,passed,2549ms,
4e8ab6,test4,wcag20:1.3.1,Inaplicable,passed,2608ms,
4e8ab6,test5,wcag20:1.3.1,Inaplicable,passed,3731ms,
4e8ab6,test6,wcag20:1.3.1,passed,failed,4560ms,3040ms,
4e8ab6,test6,wcag20:4.1.2,passed,failed,4560ms,2689ms,
4e8ab6,test7,wcag20:1.3.1,Inaplicable,failed,2658ms,
4e8ab6,test8,wcag20:1.3.1,passed,failed,5863ms,2729ms,
4e8ab6,test8,wcag20:4.1.2,passed,failed,5863ms,3483ms,
4e8ab6,test9,wcag20:1.3.1,Inaplicable,failed,1738ms,
4e8ab6,test10,wcag20:1.3.1,passed,failed,5706ms,3004ms,
4e8ab6,test10,wcag20:4.1.2,passed,failed,5706ms,3552ms,
4e8ab6,test11,wcag20:1.3.1,Inaplicable,failed,1608ms,
4e8ab6,test12,wcag20:1.3.1,passed,inapplicable,5494ms,2627ms,
4e8ab6,test12,wcag20:4.1.2,passed,inapplicable,5494ms,2910ms,
4e8ab6,test13,wcag20:1.3.1,passed,inapplicable,5673ms,3637ms,
4e8ab6,test13,wcag20:4.1.2,passed,inapplicable,5673ms,1660ms,
4e8ab6,test14,wcag20:1.3.1,passed,inapplicable,5424ms,2600ms,
4e8ab6,test14,wcag20:4.1.2,passed,inapplicable,5424ms,2626ms,
d0f69e,test0,wcag20:1.3.1,passed,passed,2890ms,3164ms,
d0f69e,test1,wcag20:1.3.1,passed,passed,3170ms,2906ms,
d0f69e,test2,wcag20:1.3.1,passed,passed,3887ms,1822ms,
d0f69e,test3,wcag20:1.3.1,failed,passed,3045ms,3248ms,
d0f69e,test4,wcag20:1.3.1,failed,passed,2680ms,4204ms,
d0f69e,test5,wcag20:1.3.1,failed,passed,2181ms,2703ms,
d0f69e,test6,wcag20:1.3.1,Inaplicable,failed,2600ms,
d0f69e,test7,wcag20:1.3.1,Inaplicable,failed,2950ms,
d0f69e,test8,wcag20:1.3.1,Inaplicable,failed,3149ms,
d0f69e,test9,wcag20:1.3.1,Inaplicable,inapplicable,2606ms,
d0f69e,test10,wcag20:1.3.1,Inaplicable,inapplicable,2608ms,
d0f69e,test11,wcag20:1.3.1,Inaplicable,inapplicable,2874ms,
d0f69e,test12,wcag20:1.3.1,Inaplicable,inapplicable,2646ms,
d0f69e,test13,wcag20:1.3.1,Inaplicable,inapplicable,2600ms,
d0f69e,test14,wcag20:1.3.1,passed,inapplicable,2640ms,2682ms,
d0f69e,test15,wcag20:1.3.1,passed,inapplicable,2600ms,2758ms,
eac66b,test0,wcag20:1.2.2,passed,passed,2761ms,2650ms,
eac66b,test1,wcag20:1.2.2,passed,passed,2632ms,2610ms,
eac66b,test2,wcag20:1.2.2,passed,failed,2892ms,3148ms,
eac66b,test3,wcag20:1.2.2,passed,failed,3092ms,3216ms,
eac66b,test4,wcag20:1.2.2,passed,inapplicable,2070ms,2600ms,
eac66b,test5,wcag20:1.2.2,passed,inapplicable,2565ms,2638ms,
c5a4ea,test0,wcag20:1.2.3,passed,passed,5408ms,2592ms,
c5a4ea,test0,wcag20:1.2.5,passed,passed,5408ms,2692ms,
c5a4ea,test1,wcag20:1.2.3,passed,passed,5081ms,2608ms,
c5a4ea,test1,wcag20:1.2.5,passed,passed,5081ms,2620ms,
c5a4ea,test2,wcag20:1.2.3,passed,passed,5354ms,2649ms,
c5a4ea,test2,wcag20:1.2.5,passed,passed,5354ms,2849ms,
c5a4ea,test3,wcag20:1.2.3,passed,failed,5555ms,4072ms,
c5a4ea,test3,wcag20:1.2.5,passed,failed,5555ms,1687ms,
c5a4ea,test4,wcag20:1.2.3,passed,failed,6788ms,2277ms,
c5a4ea,test4,wcag20:1.2.5,passed,failed,6788ms,1612ms,
c5a4ea,test5,wcag20:1.2.3,passed,failed,5586ms,2714ms,
c5a4ea,test5,wcag20:1.2.5,passed,failed,5586ms,2657ms,
c5a4ea,test6,wcag20:1.2.3,passed,failed,5450ms,2661ms,
c5a4ea,test6,wcag20:1.2.5,passed,failed,5450ms,3058ms,
c5a4ea,test7,wcag20:1.2.3,passed,inapplicable,5304ms,2723ms,
c5a4ea,test7,wcag20:1.2.5,passed,inapplicable,5304ms,2599ms,
c5a4ea,test8,wcag20:1.2.3,passed,inapplicable,5989ms,1678ms,
c5a4ea,test8,wcag20:1.2.5,passed,inapplicable,5989ms,2709ms,
f51b46,test0,wcag20:1.2.1,passed,passed,2664ms,2910ms,
f51b46,test1,wcag20:1.2.1,passed,passed,2670ms,2728ms,
f51b46,test2,wcag20:1.2.1,failed,failed,3199ms,1567ms,
f51b46,test3,wcag20:1.2.1,failed,failed,3349ms,1839ms,
f51b46,test4,wcag20:1.2.1,failed,failed,2623ms,2633ms,
f51b46,test5,wcag20:1.2.1,failed,failed,3273ms,1668ms,
f51b46,test6,wcag20:1.2.1,Inaplicable,inapplicable,2860ms,
f51b46,test7,wcag20:1.2.1,Inaplicable,inapplicable,2879ms,
c3232f,test0,wcag20:1.2.1,passed,passed,1936ms,2636ms,
c3232f,test1,wcag20:1.2.1,passed,passed,2646ms,2595ms,
c3232f,test2,wcag20:1.2.1,passed,passed,2859ms,2727ms,
c3232f,test3,wcag20:1.2.1,passed,failed,2760ms,2736ms,
c3232f,test4,wcag20:1.2.1,passed,failed,2743ms,2712ms,
c3232f,test5,wcag20:1.2.1,passed,failed,2879ms,2691ms,
c3232f,test6,wcag20:1.2.1,passed,failed,2718ms,3399ms,
c3232f,test7,wcag20:1.2.1,passed,inapplicable,2557ms,2549ms,
c3232f,test8,wcag20:1.2.1,passed,inapplicable,2107ms,2947ms,
1ec09b,test0,wcag20:1.2.5,passed,passed,1867ms,3305ms,
1ec09b,test1,wcag20:1.2.5,passed,passed,1628ms,2729ms,
1ec09b,test2,wcag20:1.2.5,passed,failed,4484ms,1594ms,
1ec09b,test3,wcag20:1.2.5,passed,failed,1626ms,2598ms,
1ec09b,test4,wcag20:1.2.5,passed,failed,3645ms,2017ms,
1ec09b,test5,wcag20:1.2.5,passed,inapplicable,2779ms,4095ms,
1ec09b,test6,wcag20:1.2.5,passed,inapplicable,1740ms,2764ms,
59br37,test0,wcag20:1.4.4,passed,passed,2779ms,4199ms,
59br37,test1,wcag20:1.4.4,passed,passed,2053ms,3885ms,
59br37,test2,wcag20:1.4.4,passed,passed,1841ms,2819ms,
59br37,test3,wcag20:1.4.4,passed,passed,2707ms,2765ms,
59br37,test4,wcag20:1.4.4,failed,failed,2769ms,3072ms,
59br37,test5,wcag20:1.4.4,failed,failed,3457ms,1783ms,
59br37,test6,wcag20:1.4.4,failed,failed,2764ms,3339ms,
59br37,test7,wcag20:1.4.4,failed,failed,1754ms,2860ms,
59br37,test8,wcag20:1.4.4,failed,failed,2865ms,2868ms,
59br37,test9,wcag20:1.4.4,Inaplicable,inapplicable,2978ms,
59br37,test10,wcag20:1.4.4,Inaplicable,inapplicable,2854ms,
59br37,test11,wcag20:1.4.4,Inaplicable,inapplicable,2865ms,
59br37,test12,wcag20:1.4.4,Inaplicable,inapplicable,3377ms,
59br37,test13,wcag20:1.4.4,Inaplicable,inapplicable,3456ms,